量表,变量,KS统计量,KS_p值,游程统计量,游程p值
科研效能感量表,20、科研效能感量表—1.遵循研究伦理,0.2798312293408842,3.54782992022509e-24,-2.544678974712909,0.010937824346485011
科研效能感量表,20、2.检索和获取特定领域所需的参考文献,0.3127986022763951,3.1285780291532133e-30,-2.544678974712909,0.010937824346485011
科研效能感量表,20、3.通过阅读文献，探寻可研究的问题和具体的研究方向,0.28554673782393103,3.5685884223112597e-25,-2.544678974712909,0.010937824346485011
科研效能感量表,20、4.有效地修改论文，直至逻辑合理、行文简洁,0.3078047229805818,2.881632338214652e-29,-2.544678974712909,0.010937824346485011
科研效能感量表,20、5.注意数据收集的细节，确保数据收集的可靠性,0.26855327183080535,2.849351435763504e-22,-2.544678974712909,0.010937824346485011
科研效能感量表,20、6.理解和解释数据结果,0.28781795074611016,1.4128287507685849e-25,-2.544678974712909,0.010937824346485011
科研效能感量表,20、7.设计汇报和展示研究结果的方式,0.33915780442687055,1.32239849376972e-35,-2.544678974712909,0.010937824346485011
科研效能感量表,20、8.按照适当的专业格式和标准撰写稿件以供发表,0.29815733732618793,1.881774215560393e-27,-2.544678974712909,0.010937824346485011
科研效能感量表,20、9.发现并报告研究的局限性和未来可能的研究方向,0.29792236693759067,2.0796360439716915e-27,-2.544678974712909,0.010937824346485011
